title,price,img
Hospitality Consumer HGV4662-012 Revolution 5 oz. Taster (Set of 12),$23.84,https://m.media-amazon.com/images/I/41aidWHHWzL._AC_UL400_.jpg
New X7K8W GEN14 3.5" HDD Tray Caddy for POWEREDGE Server R740 R740xd R7415 R940 R640 R6415,$9.89,https://m.media-amazon.com/images/I/61EZC7-ShpL._AC_UL400_.jpg
2.5 inch Hard Drive Caddy DXD9H 0DXD9H Compatible for Dell PowerEdge Servers - 14th Generation R440 R640 R740 R740xd R840 R940 R6415 R7415 R7425,$9.99,https://m.media-amazon.com/images/I/61NSk+yF7cL._AC_UL400_.jpg
Monoprice Blank Dcor Insert - White for Home.Office. Personal Install,$1.18,https://m.media-amazon.com/images/I/41EktNtOcUL._AC_UL400_.jpg
Learn SQL Server Administration in a Month of Lunches: Covers Microsoft SQL Server 2005-2014,$33.94,https://m.media-amazon.com/images/I/61WUMA+qkSL._AC_UL400_.jpg
Pulse Chip Mod ACE V3 Chip with Improved Code Good Electric Component and Clear Circuit Layout Supports for X360 ACE V3,$7.79,https://m.media-amazon.com/images/I/61m64WqPVHL._AC_UL400_.jpg
Hard Drive Caddy X7K8W SSD Bracket 3.5" Hard Drive Bracket Metal HDD Caddy Compatible for Dell PowerEdge Servers 14th Gen R240 R340 R440 R540 R640 R740 R740xd2 R6415 R7425,$10.99,https://m.media-amazon.com/images/I/51eBm45kyYL._AC_UL400_.jpg
Hospitality Consumer HB46/JULEP-G-001 Juliep 6.5" Dual Purpose Strainer - Gold,$21.09,https://m.media-amazon.com/images/I/71zKOOVQd6L._AC_UL400_.jpg
Delphi TD4523W Bar Bushing Kit,$15.06,https://m.media-amazon.com/images/I/61NzcsG40SL._AC_UL400_.jpg
HP SAS Internal Cable Kit - for ProLiant DL380 Gen9 785989-B21,$8.28,https://m.media-amazon.com/images/I/61KxDjOA7-L._AC_UL400_.jpg
World American 56360 Helical Side Gear "D" Washer,$19.10,https://m.media-amazon.com/images/I/51BxGmsL2SL._AC_UL400_.jpg
iStarUSA DD-300-SEA-RED 3U Compact Stylish Rack Mount Chassis with Sea Bezel - Red,$8.07,https://m.media-amazon.com/images/I/41zaYpOoTML._AC_UL400_.jpg
Hard Drive Caddy X7K8W SSD Bracket 3.5" Hard Drive Bracket Metal HDD Caddy Compatible for Dell PowerEdge Servers 14th Gen R240 R340 R440 R540 R640 R740 R740xd2 R6415 R7425,$10.99,https://m.media-amazon.com/images/I/51eBm45kyYL._AC_UL400_.jpg
2.5 inch Hard Drive Caddy DXD9H 0DXD9H Compatible for Dell PowerEdge Servers - 14th Generation R440 R640 R740 R740xd R840 R940 R6415 R7415 R7425,$9.99,https://m.media-amazon.com/images/I/61NSk+yF7cL._AC_UL400_.jpg
HP Ribbon Cable 80WAY for PROLIANT,Null,https://m.media-amazon.com/images/I/71Xe6lVx0RL._AC_UL400_.jpg
412202-001:DL360 MULTIBAY MEDIA,$14.99,https://m.media-amazon.com/images/I/61zVmbXDL2L._AC_UL400_.jpg
IBM 4849KDF Windows Small Business Server 2011 (CD-ROM),$12.01,https://m.media-amazon.com/images/I/71nL4XUcG6L._AC_UL400_.jpg
HP 452698-B21 PCI-X Riser Kit FORDL160G5/DL165G5 Serial Port Card,$14.55,https://m.media-amazon.com/images/I/41foOQuFW2S._AC_UL400_.jpg
RAISING ELECTRONICS Cantilever Server Shelf Vented Shelves Rack Mount 19inch 1U 10inch(250mm) Deep,$21.99,https://m.media-amazon.com/images/I/515olrr1CpL._AC_UL400_.jpg
Hospitality Consumer HB46/PROMEGJIG-M-001 ProMegJig 1 oz. / 1.5 oz. - Chrome,$19.83,https://m.media-amazon.com/images/I/61VOtZn5fCL._AC_UL400_.jpg
Hospitality Consumer HB46/BARRAY-001 Barray 4.75" Strainer - Chrome,$12.10,https://m.media-amazon.com/images/I/31gi1j6oOPL._AC_UL400_.jpg
Hospitality Consumer HB46/X-003-PB-001 Long 12" Tweezers - Black,$16.18,https://m.media-amazon.com/images/I/612huvMOZBL._AC_UL400_.jpg
Hospitality Consumer HB46/BARSTIK-PB-001 Barstik 9" - Black,$23.20,https://m.media-amazon.com/images/I/71IZ6ViCh8L._AC_UL400_.jpg
Hospitality Consumer HB46/PF006-001 Proflow - Black,$13.77,https://m.media-amazon.com/images/I/518EjLzMDiL._AC_UL400_.jpg
Hospitality Consumer HB46/PF005-001 Proflow - Copper,$13.93,https://m.media-amazon.com/images/I/51h5qOaN9IL._AC_UL400_.jpg
Hospitality Consumer HB46/X-034-G-001 Toby Tin 19.5 oz. - Gold,$14.79,https://m.media-amazon.com/images/I/31QSgvP76xL._AC_UL400_.jpg
Hospitality Consumer HGV4662-012 Revolution 5 oz. Taster (Set of 12),$23.84,https://m.media-amazon.com/images/I/41aidWHHWzL._AC_UL400_.jpg
New X7K8W GEN14 3.5" HDD Tray Caddy for POWEREDGE Server R740 R740xd R7415 R940 R640 R6415,$9.89,https://m.media-amazon.com/images/I/61EZC7-ShpL._AC_UL400_.jpg
2.5 inch Hard Drive Caddy DXD9H 0DXD9H Compatible for Dell PowerEdge Servers - 14th Generation R440 R640 R740 R740xd R840 R940 R6415 R7415 R7425,$9.99,https://m.media-amazon.com/images/I/61NSk+yF7cL._AC_UL400_.jpg
Monoprice Blank Dcor Insert - White for Home.Office. Personal Install,$1.18,https://m.media-amazon.com/images/I/41EktNtOcUL._AC_UL400_.jpg
Learn SQL Server Administration in a Month of Lunches: Covers Microsoft SQL Server 2005-2014,$33.94,https://m.media-amazon.com/images/I/61WUMA+qkSL._AC_UL400_.jpg
Pulse Chip Mod ACE V3 Chip with Improved Code Good Electric Component and Clear Circuit Layout Supports for X360 ACE V3,$7.79,https://m.media-amazon.com/images/I/61m64WqPVHL._AC_UL400_.jpg
Hard Drive Caddy X7K8W SSD Bracket 3.5" Hard Drive Bracket Metal HDD Caddy Compatible for Dell PowerEdge Servers 14th Gen R240 R340 R440 R540 R640 R740 R740xd2 R6415 R7425,$10.99,https://m.media-amazon.com/images/I/51eBm45kyYL._AC_UL400_.jpg
Hospitality Consumer HB46/JULEP-G-001 Juliep 6.5" Dual Purpose Strainer - Gold,$21.96,https://m.media-amazon.com/images/I/71zKOOVQd6L._AC_UL400_.jpg
Delphi TD4523W Bar Bushing Kit,$15.05,https://m.media-amazon.com/images/I/61NzcsG40SL._AC_UL400_.jpg
HP SAS Internal Cable Kit - for ProLiant DL380 Gen9 785989-B21,$8.28,https://m.media-amazon.com/images/I/61KxDjOA7-L._AC_UL400_.jpg
World American 56360 Helical Side Gear "D" Washer,$19.10,https://m.media-amazon.com/images/I/51BxGmsL2SL._AC_UL400_.jpg
HP Ribbon Cable 80WAY for PROLIANT,Null,https://m.media-amazon.com/images/I/71Xe6lVx0RL._AC_UL400_.jpg
Hard Drive Caddy X7K8W SSD Bracket 3.5" Hard Drive Bracket Metal HDD Caddy Compatible for Dell PowerEdge Servers 14th Gen R240 R340 R440 R540 R640 R740 R740xd2 R6415 R7425,$10.99,https://m.media-amazon.com/images/I/51eBm45kyYL._AC_UL400_.jpg
2.5 inch Hard Drive Caddy DXD9H 0DXD9H Compatible for Dell PowerEdge Servers - 14th Generation R440 R640 R740 R740xd R840 R940 R6415 R7415 R7425,$9.99,https://m.media-amazon.com/images/I/61NSk+yF7cL._AC_UL400_.jpg
412202-001:DL360 MULTIBAY MEDIA,$14.99,https://m.media-amazon.com/images/I/61zVmbXDL2L._AC_UL400_.jpg
IBM 4849KDF Windows Small Business Server 2011 (CD-ROM),$12.01,https://m.media-amazon.com/images/I/71nL4XUcG6L._AC_UL400_.jpg
HP 452698-B21 PCI-X Riser Kit FORDL160G5/DL165G5 Serial Port Card,$14.55,https://m.media-amazon.com/images/I/41foOQuFW2S._AC_UL400_.jpg
RAISING ELECTRONICS Cantilever Server Shelf Vented Shelves Rack Mount 19inch 1U 10inch(250mm) Deep,$21.99,https://m.media-amazon.com/images/I/515olrr1CpL._AC_UL400_.jpg
Hospitality Consumer HB46/PROMEGJIG-M-001 ProMegJig 1 oz. / 1.5 oz. - Chrome,$19.83,https://m.media-amazon.com/images/I/61VOtZn5fCL._AC_UL400_.jpg
Hospitality Consumer HB46/BARRAY-001 Barray 4.75" Strainer - Chrome,$12.10,https://m.media-amazon.com/images/I/31gi1j6oOPL._AC_UL400_.jpg
Hospitality Consumer HB46/X-003-PB-001 Long 12" Tweezers - Black,$16.18,https://m.media-amazon.com/images/I/612huvMOZBL._AC_UL400_.jpg
Hospitality Consumer HB46/BARSTIK-PB-001 Barstik 9" - Black,$23.20,https://m.media-amazon.com/images/I/71IZ6ViCh8L._AC_UL400_.jpg
Hospitality Consumer HB46/PF006-001 Proflow - Black,$13.77,https://m.media-amazon.com/images/I/518EjLzMDiL._AC_UL400_.jpg
Hospitality Consumer HB46/PF005-001 Proflow - Copper,$13.93,https://m.media-amazon.com/images/I/51h5qOaN9IL._AC_UL400_.jpg
Hospitality Consumer HB46/X-034-G-001 Toby Tin 19.5 oz. - Gold,$14.79,https://m.media-amazon.com/images/I/31QSgvP76xL._AC_UL400_.jpg
Hospitality Consumer HB46/BARRAY-PB-001 Barray 4.75" Strainer - Black,$19.93,https://m.media-amazon.com/images/I/41utHFWWLeL._AC_UL400_.jpg
Hospitality Consumer HGV4662-012 Revolution 5 oz. Taster (Set of 12),$23.84,https://m.media-amazon.com/images/I/41aidWHHWzL._AC_UL400_.jpg
New X7K8W GEN14 3.5" HDD Tray Caddy for POWEREDGE Server R740 R740xd R7415 R940 R640 R6415,$9.89,https://m.media-amazon.com/images/I/61EZC7-ShpL._AC_UL400_.jpg
2.5 inch Hard Drive Caddy DXD9H 0DXD9H Compatible for Dell PowerEdge Servers - 14th Generation R440 R640 R740 R740xd R840 R940 R6415 R7415 R7425,$9.99,https://m.media-amazon.com/images/I/61NSk+yF7cL._AC_UL400_.jpg
Monoprice Blank Dcor Insert - White for Home.Office. Personal Install,$1.18,https://m.media-amazon.com/images/I/41EktNtOcUL._AC_UL400_.jpg
Learn SQL Server Administration in a Month of Lunches: Covers Microsoft SQL Server 2005-2014,$33.94,https://m.media-amazon.com/images/I/61WUMA+qkSL._AC_UL400_.jpg
Pulse Chip Mod ACE V3 Chip with Improved Code Good Electric Component and Clear Circuit Layout Supports for X360 ACE V3,$7.79,https://m.media-amazon.com/images/I/61m64WqPVHL._AC_UL400_.jpg
Hard Drive Caddy X7K8W SSD Bracket 3.5" Hard Drive Bracket Metal HDD Caddy Compatible for Dell PowerEdge Servers 14th Gen R240 R340 R440 R540 R640 R740 R740xd2 R6415 R7425,$10.99,https://m.media-amazon.com/images/I/51eBm45kyYL._AC_UL400_.jpg
Hospitality Consumer HB46/JULEP-G-001 Juliep 6.5" Dual Purpose Strainer - Gold,$21.96,https://m.media-amazon.com/images/I/71zKOOVQd6L._AC_UL400_.jpg
Delphi TD4523W Bar Bushing Kit,$15.05,https://m.media-amazon.com/images/I/61NzcsG40SL._AC_UL400_.jpg
HP SAS Internal Cable Kit - for ProLiant DL380 Gen9 785989-B21,$8.28,https://m.media-amazon.com/images/I/61KxDjOA7-L._AC_UL400_.jpg
World American 56360 Helical Side Gear "D" Washer,$19.10,https://m.media-amazon.com/images/I/51BxGmsL2SL._AC_UL400_.jpg
HP Ribbon Cable 80WAY for PROLIANT,Null,https://m.media-amazon.com/images/I/71Xe6lVx0RL._AC_UL400_.jpg
Hard Drive Caddy X7K8W SSD Bracket 3.5" Hard Drive Bracket Metal HDD Caddy Compatible for Dell PowerEdge Servers 14th Gen R240 R340 R440 R540 R640 R740 R740xd2 R6415 R7425,$10.99,https://m.media-amazon.com/images/I/51eBm45kyYL._AC_UL400_.jpg
2.5 inch Hard Drive Caddy DXD9H 0DXD9H Compatible for Dell PowerEdge Servers - 14th Generation R440 R640 R740 R740xd R840 R940 R6415 R7415 R7425,$9.99,https://m.media-amazon.com/images/I/61NSk+yF7cL._AC_UL400_.jpg
412202-001:DL360 MULTIBAY MEDIA,$14.99,https://m.media-amazon.com/images/I/61zVmbXDL2L._AC_UL400_.jpg
IBM 4849KDF Windows Small Business Server 2011 (CD-ROM),$12.01,https://m.media-amazon.com/images/I/71nL4XUcG6L._AC_UL400_.jpg
HP 452698-B21 PCI-X Riser Kit FORDL160G5/DL165G5 Serial Port Card,$14.55,https://m.media-amazon.com/images/I/41foOQuFW2S._AC_UL400_.jpg
RAISING ELECTRONICS Cantilever Server Shelf Vented Shelves Rack Mount 19inch 1U 10inch(250mm) Deep,$21.99,https://m.media-amazon.com/images/I/515olrr1CpL._AC_UL400_.jpg
Hospitality Consumer HB46/PROMEGJIG-M-001 ProMegJig 1 oz. / 1.5 oz. - Chrome,$19.83,https://m.media-amazon.com/images/I/61VOtZn5fCL._AC_UL400_.jpg
Hospitality Consumer HB46/BARRAY-001 Barray 4.75" Strainer - Chrome,$12.10,https://m.media-amazon.com/images/I/31gi1j6oOPL._AC_UL400_.jpg
Hospitality Consumer HB46/X-003-PB-001 Long 12" Tweezers - Black,$16.18,https://m.media-amazon.com/images/I/612huvMOZBL._AC_UL400_.jpg
Hospitality Consumer HB46/BARSTIK-PB-001 Barstik 9" - Black,$23.20,https://m.media-amazon.com/images/I/71IZ6ViCh8L._AC_UL400_.jpg
Hospitality Consumer HB46/PF006-001 Proflow - Black,$13.77,https://m.media-amazon.com/images/I/518EjLzMDiL._AC_UL400_.jpg
Hospitality Consumer HB46/PF005-001 Proflow - Copper,$13.93,https://m.media-amazon.com/images/I/51h5qOaN9IL._AC_UL400_.jpg
Hospitality Consumer HB46/X-034-G-001 Toby Tin 19.5 oz. - Gold,$14.79,https://m.media-amazon.com/images/I/31QSgvP76xL._AC_UL400_.jpg
Hospitality Consumer HB46/BARRAY-PB-001 Barray 4.75" Strainer - Black,$19.93,https://m.media-amazon.com/images/I/41utHFWWLeL._AC_UL400_.jpg
